,Rk,School,G,W,L,W-L%,SRS,SOS,Unnamed: 8,W.1,L.1,Unnamed: 11,W.2,L.2,Unnamed: 14,W.3,L.3,Unnamed: 17,Tm.,Opp.,Unnamed: 20,MP,FG,FGA,FG%,3P,3PA,3P%,FT,FTA,FT%,ORB,TRB,AST,STL,BLK,TOV,PF,Year
0,1,Abilene Christian,10,5,5,.500,-11.29,-3.58,,0,0,,4,0,,1,2,,757,660,,400,283,598,.473,80,217,.369,111,163,.681,105,332,168,100,34,154,199,2023
1,2,Air Force,11,7,4,.636,2.24,-6.49,,0,0,,7,2,,0,2,,763,667,,445,257,545,.472,97,263,.369,152,221,.688,76,348,176,84,54,136,183,2023
2,3,Akron,8,4,4,.500,2.88,6.17,,0,0,,3,0,,0,1,,525,501,,325,185,462,.400,67,210,.319,88,146,.603,98,305,99,52,19,92,120,2023
3,4,Alabama,8,7,1,.875,22.25,7.25,,0,0,,4,0,,1,0,,668,548,,340,223,526,.424,87,248,.351,135,190,.711,134,402,128,45,51,131,158,2023
4,5,Alabama A&M,8,3,5,.375,-11.05,-3.38,,0,0,,3,3,,0,1,,598,617,,321,215,489,.440,63,167,.377,105,156,.673,91,266,113,82,32,122,152,2023
5,6,Alabama State,9,1,8,.111,-18.85,0.15,,0,0,,0,0,,0,8,,546,717,,360,202,585,.345,56,161,.348,86,129,.667,124,328,87,46,27,107,174,2023
6,7,Albany (NY),10,3,7,.300,-14.26,-0.88,,0,0,,1,1,,1,5,,682,750,,400,236,561,.421,84,239,.351,126,192,.656,111,335,120,58,22,139,210,2023
7,8,Alcorn State,9,3,6,.333,-7.34,5.55,,0,0,,0,0,,2,5,,549,665,,371,193,521,.370,44,157,.280,119,176,.676,117,315,80,73,19,133,201,2023
8,9,American,8,6,2,.750,-2.00,-7.00,,0,0,,2,0,,4,2,,551,511,,320,208,426,.488,59,154,.383,76,102,.745,66,253,113,69,24,111,126,2023
9,10,Appalachian State,10,6,4,.600,-2.99,-2.61,,0,0,,4,3,,2,1,,790,665,,405,278,612,.454,93,268,.347,141,191,.738,89,378,151,80,51,116,145,2023
10,11,Arizona,8,7,1,.875,18.35,4.48,,1,1,,4,0,,0,1,,732,621,,320,265,480,.552,58,159,.365,144,198,.727,73,329,168,44,34,121,156,2023
11,12,Arizona State,10,9,1,.900,13.74,1.44,,2,0,,5,0,,2,1,,721,598,,405,248,571,.434,68,224,.304,157,223,.704,108,401,150,75,56,133,188,2023
12,13,Arkansas,9,8,1,.889,17.14,0.80,,0,0,,6,0,,0,0,,704,557,,365,254,528,.481,46,149,.309,150,207,.725,82,332,122,87,42,123,159,2023
13,14,Arkansas State,10,5,5,.500,-10.04,-4.90,,0,0,,5,1,,0,4,,679,635,,400,265,567,.467,65,191,.340,84,131,.641,95,338,164,79,33,128,161,2023
14,15,Arkansas-Pine Bluff,10,3,7,.300,-8.73,9.70,,0,0,,3,0,,0,7,,630,695,,400,232,598,.388,68,225,.302,98,148,.662,101,350,131,85,33,158,194,2023
15,16,Army,10,5,5,.500,-8.90,-5.90,,0,0,,4,1,,1,1,,788,736,,405,281,582,.483,85,247,.344,141,195,.723,99,379,144,45,21,140,169,2023
16,17,Auburn,8,8,0,1.000,17.00,2.00,,0,0,,6,0,,0,0,,584,464,,320,209,483,.433,51,176,.290,115,177,.650,115,336,110,74,66,105,148,2023
17,18,Austin Peay,10,5,5,.500,-6.23,0.14,,0,0,,3,2,,1,2,,701,683,,400,247,589,.419,79,232,.341,128,180,.711,121,347,138,64,25,117,153,2023
18,19,Ball State,9,5,4,.556,-1.65,-3.08,,0,0,,2,0,,2,2,,695,601,,360,242,493,.491,62,164,.378,149,216,.690,101,322,125,64,34,117,144,2023
19,20,Baylor,9,7,2,.778,19.32,3.88,,0,0,,5,0,,0,1,,761,622,,360,265,547,.484,94,255,.369,137,192,.714,113,328,163,81,30,122,173,2023
20,21,Bellarmine,10,4,6,.400,-5.85,7.58,,0,0,,3,0,,1,6,,687,628,,400,249,546,.456,95,243,.391,94,130,.723,78,301,157,60,14,105,155,2023
21,22,Belmont,10,6,4,.600,-3.22,-4.00,,1,1,,3,0,,1,3,,766,729,,400,274,583,.470,96,241,.398,122,171,.713,78,301,152,76,32,115,165,2023
22,23,Bethune-Cookman,8,4,4,.500,-11.74,2.60,,0,0,,3,0,,0,3,,544,579,,325,206,470,.438,47,122,.385,85,117,.726,81,265,100,62,25,100,115,2023
23,24,Binghamton,10,3,7,.300,-14.46,-4.68,,0,0,,2,4,,1,3,,680,737,,400,247,566,.436,56,189,.296,130,188,.691,106,361,111,47,30,148,183,2023
24,25,Boise State,9,7,2,.778,12.13,3.01,,0,0,,3,1,,0,0,,635,526,,360,225,500,.450,67,194,.345,118,167,.707,81,329,101,58,37,102,142,2023
25,26,Boston College,10,5,5,.500,-1.78,0.72,,0,1,,3,2,,0,2,,647,672,,405,239,575,.416,45,168,.268,124,185,.670,110,349,95,70,45,123,167,2023
26,27,Boston University,10,5,5,.500,-5.29,-3.96,,0,0,,3,0,,2,3,,702,669,,405,251,607,.414,75,238,.315,125,170,.735,98,362,116,77,24,108,178,2023
27,28,Bowling Green State,8,3,5,.375,-6.77,-2.14,,0,0,,2,2,,1,3,,563,600,,320,205,505,.406,49,172,.285,104,141,.738,101,298,97,54,22,101,126,2023
28,29,Bradley,10,7,3,.700,7.43,0.32,,2,0,,5,0,,2,1,,690,592,,400,251,546,.460,80,226,.354,108,163,.663,97,356,135,85,43,133,154,2023
29,30,Brigham Young,10,5,5,.500,0.19,1.31,,0,0,,3,1,,0,1,,741,721,,405,260,610,.426,87,278,.313,134,201,.667,132,393,142,84,43,155,203,2023
30,31,Brown,10,6,4,.600,-7.05,-8.96,,0,0,,2,2,,5,2,,654,641,,401,241,547,.441,80,235,.340,92,165,.558,86,341,137,77,29,144,158,2023
31,32,Bryant,10,7,3,.700,-2.71,-3.46,,0,0,,3,1,,3,2,,880,712,,400,311,671,.463,103,279,.369,155,211,.735,127,418,170,91,43,122,168,2023
32,33,Bucknell,10,6,4,.600,-3.05,-7.72,,0,0,,3,1,,1,3,,752,649,,405,282,558,.505,84,207,.406,104,151,.689,86,364,156,55,35,127,163,2023
33,34,Buffalo,9,5,4,.556,1.35,3.97,,0,0,,4,1,,0,1,,687,670,,360,247,542,.456,60,200,.300,133,189,.704,81,303,125,91,24,138,174,2023
34,35,Butler,10,7,3,.700,13.30,2.80,,0,0,,6,0,,0,1,,743,638,,400,279,561,.497,76,205,.371,109,149,.732,73,326,146,80,54,130,121,2023
35,36,Cal Poly,7,4,3,.571,-5.01,-0.34,,0,0,,3,1,,1,2,,461,454,,280,158,362,.436,43,132,.326,102,140,.729,55,237,63,51,16,103,138,2023
36,37,Cal State Bakersfield,9,4,5,.444,-9.34,-1.77,,0,0,,2,0,,1,4,,550,529,,365,213,512,.416,46,134,.343,78,120,.650,107,333,102,55,34,121,160,2023
37,38,Cal State Fullerton,9,4,5,.444,-4.26,2.12,,0,0,,3,0,,1,4,,626,656,,380,222,524,.424,64,184,.348,118,186,.634,97,318,98,53,21,114,173,2023
38,39,Cal State Northridge,8,2,6,.250,-8.11,-0.11,,0,0,,2,0,,0,4,,550,504,,320,199,473,.421,49,158,.310,103,140,.736,94,311,96,45,25,89,154,2023
39,40,California,10,0,10,.000,-5.31,2.89,,0,2,,0,6,,0,2,,576,658,,400,199,505,.394,44,164,.268,134,176,.761,89,322,92,50,37,146,175,2023
40,41,California Baptist,10,6,4,.600,-0.25,-3.75,,0,0,,5,1,,1,1,,639,604,,410,229,561,.408,75,240,.313,106,175,.606,116,386,121,47,45,122,165,2023
41,42,Campbell,9,4,5,.444,-2.54,-0.92,,0,0,,2,1,,1,3,,628,624,,365,215,468,.459,69,192,.359,129,185,.697,62,276,122,64,24,117,143,2023
42,43,Canisius,8,2,6,.250,-7.59,2.55,,0,2,,2,2,,0,4,,586,611,,330,209,518,.403,85,224,.379,83,120,.692,106,284,124,47,23,103,130,2023
43,44,Central Arkansas,9,5,4,.556,-8.71,-4.83,,0,0,,4,1,,0,2,,687,667,,365,254,588,.432,80,235,.340,99,135,.733,118,357,120,53,32,126,157,2023
44,45,Central Connecticut State,10,1,9,.100,-12.10,-2.28,,0,0,,1,4,,0,5,,611,711,,400,231,586,.394,75,247,.304,74,108,.685,92,328,110,74,38,123,136,2023
45,46,Central Florida,8,6,2,.750,11.10,1.60,,0,0,,4,2,,0,0,,570,494,,340,204,477,.428,65,184,.353,97,135,.719,100,312,98,54,29,125,132,2023
46,47,Central Michigan,9,4,5,.444,-5.40,-2.26,,0,0,,3,1,,0,3,,648,624,,360,234,539,.434,55,186,.296,125,181,.691,103,357,119,54,32,138,185,2023
47,48,Charleston Southern,8,2,6,.250,-8.62,1.38,,0,0,,2,2,,0,4,,557,596,,320,205,510,.402,62,201,.308,85,120,.708,107,305,100,32,27,95,126,2023
48,49,Charlotte,9,7,2,.778,6.21,-2.90,,0,0,,4,0,,1,1,,595,513,,365,225,486,.463,66,191,.346,79,110,.718,67,292,130,63,24,92,113,2023
49,50,Chattanooga,9,6,3,.667,2.32,1.17,,0,0,,4,1,,2,2,,723,618,,360,250,524,.477,108,272,.397,115,155,.742,90,339,155,52,32,113,125,2023
50,51,Chicago State,10,3,7,.300,-9.07,0.44,,,,,3,0,,0,7,,681,776,,400,229,544,.421,73,219,.333,150,193,.777,109,335,108,54,38,152,199,2023
51,52,Cincinnati,9,6,3,.667,5.99,-0.39,,0,0,,5,0,,0,1,,715,621,,360,267,574,.465,81,230,.352,100,157,.637,110,351,136,59,40,101,138,2023
52,53,Clemson,10,8,2,.800,7.79,-2.01,,1,0,,7,0,,0,1,,763,665,,410,264,549,.481,92,219,.420,143,188,.761,71,335,164,53,25,114,173,2023
53,54,Cleveland State,11,7,4,.636,-2.16,-6.16,,2,0,,5,1,,2,3,,757,703,,445,290,656,.442,56,186,.301,121,181,.669,143,401,142,80,39,134,193,2023
54,55,Coastal Carolina,8,4,4,.500,-9.69,-3.19,,0,0,,3,1,,1,3,,607,529,,320,217,475,.457,54,170,.318,119,144,.826,96,329,104,56,37,116,111,2023
55,56,Colgate,11,6,5,.545,-0.67,-5.07,,0,0,,2,0,,3,3,,878,801,,440,328,658,.498,109,264,.413,113,169,.669,108,379,196,76,20,142,151,2023
56,57,College of Charleston,10,9,1,.900,10.83,3.63,,0,0,,7,0,,2,1,,798,726,,405,277,624,.444,92,287,.321,152,204,.745,130,387,114,72,36,133,189,2023
57,58,Colorado,10,5,5,.500,13.65,8.55,,0,2,,3,1,,0,2,,735,684,,400,269,611,.440,74,224,.330,123,190,.647,125,396,141,84,43,145,169,2023
58,59,Colorado State,10,6,4,.600,5.74,-1.66,,0,0,,5,1,,0,2,,750,676,,400,272,556,.489,82,217,.378,124,181,.685,54,327,167,63,23,103,146,2023
59,60,Columbia,13,4,9,.308,-16.35,-5.17,,0,0,,4,3,,0,6,,901,931,,525,315,760,.414,106,316,.335,165,238,.693,145,459,162,101,30,195,190,2023
60,61,Connecticut,10,10,0,1.000,28.60,4.70,,0,0,,6,0,,1,0,,821,582,,400,280,584,.479,91,247,.368,170,229,.742,122,395,178,77,54,132,188,2023
61,62,Coppin State,11,4,7,.364,-8.47,1.80,,0,0,,2,0,,2,7,,837,950,,450,290,651,.445,97,285,.340,160,221,.724,87,359,126,90,22,165,212,2023
62,63,Cornell,9,7,2,.778,-1.01,-6.44,,0,0,,4,0,,3,2,,766,649,,360,285,572,.498,107,289,.370,89,131,.679,94,335,188,90,27,123,136,2023
63,64,Creighton,9,6,3,.667,17.37,6.03,,0,0,,4,1,,0,1,,707,605,,360,265,557,.476,80,240,.333,97,139,.698,85,350,144,55,34,94,101,2023
64,65,Dartmouth,11,4,7,.364,-13.34,-5.56,,0,0,,3,2,,1,3,,794,751,,445,285,652,.437,103,312,.330,121,179,.676,93,400,165,63,49,169,162,2023
65,66,Davidson,10,7,3,.700,-1.37,-2.81,,0,0,,4,1,,1,2,,759,723,,415,257,550,.467,77,213,.362,168,229,.734,75,335,149,59,14,121,141,2023
66,67,Dayton,10,5,5,.500,2.50,0.40,,0,0,,5,0,,0,2,,636,615,,405,218,519,.420,54,200,.270,146,214,.682,106,382,131,47,44,140,142,2023
67,68,Delaware,9,5,4,.556,-5.48,-3.48,,0,0,,3,1,,0,3,,643,635,,360,228,523,.436,66,208,.317,121,171,.708,95,325,112,54,42,104,143,2023
68,69,Delaware State,9,1,8,.111,-17.42,2.21,,0,0,,1,1,,0,7,,580,700,,360,226,526,.430,51,143,.357,77,116,.664,96,299,114,52,18,141,179,2023
69,70,Denver,10,8,2,.800,-5.98,-10.98,,0,0,,3,1,,3,1,,796,729,,405,275,524,.525,46,136,.338,200,283,.707,91,344,117,57,32,147,154,2023
70,71,DePaul,9,5,4,.556,1.21,1.43,,0,1,,3,1,,2,1,,680,682,,370,232,537,.432,80,232,.345,136,176,.773,97,309,124,63,36,125,166,2023
71,72,Detroit Mercy,10,5,5,.500,-2.95,1.94,,1,1,,3,0,,2,4,,742,758,,400,249,587,.424,97,256,.379,147,204,.721,124,359,112,60,21,120,158,2023
72,73,Drake,9,8,1,.889,7.57,-3.10,,1,1,,5,0,,0,1,,676,580,,360,238,503,.473,64,188,.340,136,173,.786,70,315,114,53,27,105,146,2023
73,74,Drexel,9,4,5,.444,0.38,1.38,,0,0,,3,2,,0,1,,602,570,,360,225,515,.437,68,207,.329,84,126,.667,93,307,93,53,23,96,111,2023
74,75,Duke,11,9,2,.818,20.70,7.34,,1,0,,6,0,,0,0,,796,649,,440,285,660,.432,72,232,.310,154,199,.774,157,447,154,69,47,123,170,2023
75,76,Duquesne,9,7,2,.778,3.65,-2.24,,0,0,,6,1,,0,1,,703,650,,360,264,576,.458,85,214,.397,90,139,.647,130,337,143,68,42,105,161,2023
76,77,East Carolina,10,6,4,.600,-1.81,-4.11,,0,0,,4,1,,0,2,,734,711,,400,245,570,.430,86,255,.337,158,225,.702,118,369,136,56,28,131,201,2023
77,78,East Tennessee State,9,4,5,.444,-8.01,-6.44,,0,0,,3,2,,0,2,,650,611,,360,243,535,.454,57,192,.297,107,162,.660,112,334,124,69,19,135,131,2023
78,79,Eastern Illinois,10,2,8,.200,-17.18,-0.93,,0,0,,2,3,,0,4,,658,676,,400,239,592,.404,45,169,.266,135,226,.597,105,350,131,93,30,135,190,2023
79,80,Eastern Kentucky,9,4,5,.444,-8.37,4.05,,0,0,,2,1,,1,3,,717,681,,360,263,615,.428,90,258,.349,101,155,.652,123,366,140,87,42,134,161,2023
80,81,Eastern Michigan,10,2,8,.200,-10.44,-1.44,,0,0,,1,2,,1,3,,760,832,,405,279,617,.452,66,193,.342,136,184,.739,92,316,104,67,17,120,212,2023
81,82,Eastern Washington,9,4,5,.444,-7.92,-3.92,,0,0,,1,1,,1,3,,587,623,,360,213,502,.424,61,210,.290,100,146,.685,79,311,118,57,24,127,163,2023
82,83,Elon,9,1,8,.111,-14.37,-1.62,,0,0,,1,3,,0,3,,594,671,,360,207,513,.404,61,223,.274,119,172,.692,88,307,108,58,14,117,162,2023
83,84,Evansville,11,3,8,.273,-10.32,-0.96,,0,2,,1,2,,1,4,,664,767,,440,248,649,.382,60,221,.271,108,169,.639,100,373,111,71,20,129,176,2023
84,85,Fairfield,10,4,6,.400,-8.05,-4.85,,1,1,,2,0,,0,5,,623,655,,400,208,526,.395,61,223,.274,146,207,.705,98,345,83,46,31,126,160,2023
85,86,Fairleigh Dickinson,11,5,6,.455,-13.00,-9.00,,0,0,,2,0,,2,5,,882,882,,450,325,713,.456,89,275,.324,143,192,.745,127,362,161,89,21,133,221,2023
86,87,Florida,10,6,4,.600,12.02,3.32,,0,0,,4,2,,1,0,,783,696,,400,279,606,.460,72,192,.375,153,209,.732,94,366,129,63,61,114,167,2023
87,88,Florida A&M,7,1,6,.143,-21.75,7.76,,0,0,,1,0,,0,6,,381,553,,285,139,383,.363,30,107,.280,73,109,.670,74,224,61,46,20,134,126,2023
88,89,Florida Atlantic,9,8,1,.889,15.27,-0.10,,0,0,,5,0,,3,1,,728,570,,360,279,562,.496,92,228,.404,78,125,.624,100,363,148,67,23,107,147,2023
89,90,Florida Gulf Coast,10,7,3,.700,3.51,2.06,,0,0,,2,0,,2,3,,721,664,,400,249,580,.429,96,274,.350,127,166,.765,110,366,127,67,29,121,165,2023
90,91,Florida International,8,4,4,.500,-7.30,-6.59,,0,0,,4,2,,0,2,,637,621,,320,246,497,.495,54,182,.297,91,140,.650,71,282,119,79,33,122,125,2023
91,92,Florida State,10,1,9,.100,-1.18,7.72,,0,1,,1,4,,0,2,,655,744,,400,232,572,.406,57,179,.318,134,188,.713,96,323,127,67,47,136,182,2023
92,93,Fordham,11,10,1,.909,2.58,-5.69,,0,0,,9,0,,1,1,,816,725,,440,269,593,.454,90,250,.360,188,252,.746,97,406,144,75,64,164,188,2023
93,94,Fresno State,8,3,5,.375,2.32,4.17,,0,0,,2,1,,1,1,,496,496,,320,179,429,.417,40,158,.253,98,135,.726,75,278,90,45,27,107,133,2023
94,95,Furman,9,6,3,.667,2.32,-2.97,,0,0,,4,1,,1,0,,741,640,,360,282,564,.500,83,240,.346,94,124,.758,82,316,174,76,29,114,133,2023
95,96,Gardner-Webb,8,2,6,.250,-2.90,-0.03,,0,0,,0,1,,1,5,,519,542,,320,192,435,.441,48,148,.324,87,134,.649,69,256,82,53,40,112,157,2023
96,97,George Mason,10,6,4,.600,2.67,0.97,,0,0,,6,0,,0,1,,700,683,,405,250,548,.456,79,219,.361,121,194,.624,108,375,135,40,42,139,178,2023
97,98,George Washington,8,5,3,.625,-1.43,-7.15,,0,0,,5,1,,0,2,,619,552,,320,219,441,.497,68,193,.352,113,157,.720,74,290,115,43,35,105,133,2023
98,99,Georgetown,10,5,5,.500,-0.43,-2.03,,0,0,,4,3,,0,1,,749,733,,410,278,620,.448,62,183,.339,131,180,.728,118,376,122,71,54,126,155,2023
99,100,Georgia,10,7,3,.700,1.85,-4.85,,0,0,,6,0,,0,2,,700,633,,400,246,574,.429,69,210,.329,139,190,.732,132,394,126,74,36,153,146,2023
100,101,Georgia Southern,9,5,4,.556,-16.73,-8.06,,0,0,,3,1,,1,3,,626,585,,360,246,537,.458,53,183,.290,81,135,.600,87,319,109,83,31,108,135,2023
101,102,Georgia State,9,5,4,.556,-6.55,-4.69,,0,0,,5,3,,0,1,,601,571,,365,221,540,.409,40,160,.250,119,155,.768,104,318,95,51,39,110,143,2023
102,103,Georgia Tech,9,6,3,.667,3.94,2.06,,0,0,,5,0,,1,1,,649,604,,360,241,566,.426,50,169,.296,117,165,.709,118,344,111,65,43,94,141,2023
103,104,Gonzaga,10,7,3,.700,21.00,13.80,,0,0,,4,0,,0,1,,799,727,,400,294,592,.497,76,203,.374,135,192,.703,99,390,157,70,34,140,170,2023
104,105,Grambling,9,6,3,.667,1.02,-1.73,,0,0,,3,0,,2,2,,607,560,,360,224,524,.427,47,138,.341,112,177,.633,113,342,115,75,38,129,180,2023
105,106,Grand Canyon,10,7,3,.700,4.40,0.90,,0,0,,5,1,,1,1,,721,585,,400,263,588,.447,87,259,.336,108,152,.711,110,392,128,53,26,111,152,2023
106,107,Green Bay,9,1,8,.111,-18.92,-1.58,,1,1,,1,2,,0,4,,522,678,,360,180,462,.390,44,174,.253,118,173,.682,70,253,86,50,20,125,141,2023
107,108,Hampton,9,3,6,.333,-15.50,-2.62,,0,0,,3,0,,0,5,,624,698,,360,205,540,.380,68,207,.329,146,218,.670,105,325,106,43,22,112,163,2023
108,109,Hartford,12,4,8,.333,-27.61,-8.39,,,,,4,2,,0,4,,792,820,,480,294,683,.430,89,266,.335,115,176,.653,117,417,174,84,44,163,150,2023
109,110,Harvard,10,7,3,.700,0.49,-4.63,,0,0,,3,1,,3,1,,697,634,,400,256,554,.462,63,206,.306,122,189,.646,108,364,139,87,39,142,138,2023
110,111,Hawaii,8,5,3,.625,1.71,-3.72,,0,0,,2,2,,0,0,,540,478,,325,199,457,.435,56,185,.303,86,122,.705,90,286,109,38,35,94,126,2023
111,112,High Point,10,8,2,.800,-0.07,-2.69,,0,0,,5,1,,1,1,,854,778,,400,300,637,.471,80,229,.349,174,268,.649,128,425,128,65,50,142,176,2023
112,113,Hofstra,10,6,4,.600,3.03,5.23,,0,0,,2,0,,2,3,,718,740,,405,260,571,.455,85,230,.370,113,150,.753,59,303,119,52,39,114,142,2023
113,114,Holy Cross,10,3,7,.300,-14.65,-1.27,,0,0,,3,3,,0,2,,683,742,,400,256,595,.430,67,191,.351,104,159,.654,94,348,129,76,33,137,165,2023
114,115,Houston,9,9,0,1.000,29.88,2.32,,0,0,,6,0,,1,0,,674,426,,360,258,551,.468,66,194,.340,92,128,.719,126,364,132,88,51,92,131,2023
115,116,Houston Christian,10,3,7,.300,-22.18,-3.61,,0,0,,3,3,,0,4,,790,799,,400,305,630,.484,87,232,.375,93,144,.646,116,363,164,64,28,163,153,2023
116,117,Howard,11,4,7,.364,-15.15,1.30,,0,0,,2,1,,1,4,,770,853,,440,277,637,.435,74,226,.327,142,199,.714,115,359,148,75,34,168,192,2023
117,118,Idaho,9,4,5,.444,-5.90,-6.90,,0,0,,3,2,,1,3,,686,604,,361,250,495,.505,73,198,.369,113,154,.734,67,287,120,53,15,112,155,2023
118,119,Idaho State,10,3,7,.300,-6.24,-3.24,,0,0,,2,2,,1,4,,694,669,,410,243,572,.425,95,267,.356,113,157,.720,87,333,122,70,26,129,167,2023
119,120,Illinois,9,7,2,.778,22.55,3.66,,0,1,,5,0,,0,1,,732,562,,365,262,550,.476,89,249,.357,119,179,.665,112,362,139,80,56,136,154,2023
120,121,Illinois State,10,4,6,.400,-6.57,-3.87,,1,1,,2,2,,2,1,,670,697,,405,222,511,.434,77,224,.344,149,184,.810,85,331,111,54,45,149,193,2023
121,122,Illinois-Chicago,9,5,4,.556,-5.76,-5.88,,0,2,,2,2,,1,2,,636,601,,360,216,509,.424,67,208,.322,137,206,.665,81,318,110,70,42,121,168,2023
122,123,Incarnate Word,10,5,5,.500,-13.94,-4.08,,0,0,,3,1,,0,4,,698,673,,400,256,602,.425,61,190,.321,125,174,.718,113,355,130,88,23,136,172,2023
123,124,Indiana,9,8,1,.889,21.24,0.13,,1,1,,6,0,,1,1,,739,549,,360,280,536,.522,61,170,.359,118,168,.702,83,338,159,66,53,105,153,2023
124,125,Indiana State,10,9,1,.900,7.97,-3.48,,2,0,,5,0,,2,0,,831,691,,400,296,617,.480,103,294,.350,136,181,.751,78,345,166,85,21,118,167,2023
125,126,Iona,7,5,2,.714,15.34,-0.09,,2,0,,4,0,,0,1,,555,447,,280,219,464,.472,51,137,.372,66,84,.786,77,249,117,56,51,65,120,2023
126,127,Iowa,9,7,2,.778,19.13,3.90,,0,0,,5,0,,1,0,,742,605,,360,261,561,.465,70,199,.352,150,205,.732,111,352,155,62,37,90,118,2023
127,128,Iowa State,9,7,2,.778,15.18,3.96,,0,0,,5,0,,0,1,,630,529,,365,239,546,.438,53,179,.296,99,142,.697,112,311,137,101,20,116,172,2023
128,129,IUPUI,9,1,8,.111,-24.14,-4.52,,0,2,,1,0,,0,6,,527,670,,360,204,490,.416,37,147,.252,82,124,.661,82,261,84,54,24,143,158,2023
129,130,Jackson State,8,1,7,.125,-14.30,-0.55,,0,0,,0,0,,1,7,,543,653,,323,206,503,.410,61,183,.333,70,109,.642,106,308,109,57,23,138,142,2023
130,131,Jacksonville,7,5,2,.714,5.67,9.17,,0,0,,3,0,,2,2,,492,390,,280,184,384,.479,51,139,.367,73,100,.730,63,265,115,44,22,90,88,2023
131,132,Jacksonville State,9,4,5,.444,-8.03,1.34,,0,0,,2,0,,1,4,,656,668,,365,231,527,.438,93,222,.419,101,146,.692,96,318,122,58,26,120,162,2023
132,133,James Madison,10,7,3,.700,13.47,-1.78,,0,0,,3,0,,2,2,,890,637,,405,322,637,.505,88,215,.409,158,219,.721,121,398,140,108,26,139,163,2023
133,134,Kansas,9,8,1,.889,19.06,6.83,,0,0,,5,0,,0,0,,699,589,,365,263,559,.470,69,193,.358,104,159,.654,104,353,162,77,39,111,143,2023
134,135,Kansas City,12,4,8,.333,-4.15,5.15,,0,0,,2,3,,0,4,,771,808,,480,267,680,.393,67,248,.270,170,243,.700,163,474,118,76,45,196,198,2023
135,136,Kansas State,9,8,1,.889,11.10,-0.02,,0,0,,4,0,,1,1,,659,559,,365,235,511,.460,54,166,.325,135,184,.734,98,307,155,69,29,129,153,2023
136,137,Kennesaw State,9,6,3,.667,-3.58,-1.44,,0,0,,2,0,,3,2,,679,592,,360,242,521,.464,82,203,.404,113,181,.624,97,313,131,83,29,116,165,2023
137,138,Kent State,9,6,3,.667,17.31,6.06,,0,0,,5,0,,1,3,,679,568,,360,241,556,.433,78,221,.353,119,158,.753,85,310,116,98,28,108,182,2023
138,139,Kentucky,8,6,2,.750,16.89,-0.36,,0,0,,5,0,,0,1,,656,518,,330,239,514,.465,70,178,.393,108,158,.684,101,341,151,66,49,99,121,2023
139,140,La Salle,9,5,4,.556,-2.36,-1.03,,0,0,,4,1,,1,1,,624,636,,365,227,550,.413,70,212,.330,100,152,.658,94,316,116,67,26,107,157,2023
140,141,Lafayette,10,1,9,.100,-6.99,0.81,,0,0,,0,1,,0,8,,606,684,,409,216,535,.404,92,279,.330,82,118,.695,75,310,146,47,21,123,157,2023
141,142,Lamar,9,4,5,.444,-16.93,-6.93,,0,0,,3,1,,0,3,,644,638,,365,245,557,.440,51,190,.268,103,150,.687,115,334,147,70,36,118,125,2023
142,143,Lehigh,8,4,4,.500,-13.63,-5.92,,0,0,,3,1,,1,3,,569,584,,320,201,480,.419,66,183,.361,101,141,.716,73,295,113,56,22,118,147,2023
143,144,Liberty,9,6,3,.667,6.05,3.19,,0,0,,5,1,,0,1,,681,543,,360,238,503,.473,103,264,.390,102,140,.729,81,306,170,61,24,109,142,2023
144,145,Lindenwood,10,4,6,.400,-13.11,-2.11,,0,0,,3,0,,1,4,,707,721,,410,265,614,.432,68,204,.333,109,152,.717,106,374,127,68,26,139,152,2023
145,146,Lipscomb,9,6,3,.667,-2.88,-2.88,,0,0,,5,0,,1,3,,712,596,,360,269,546,.493,68,205,.332,106,156,.679,88,331,133,56,36,96,129,2023
146,147,Little Rock,9,2,7,.222,-14.41,0.22,,0,0,,2,0,,0,7,,649,755,,360,235,564,.417,57,193,.295,122,175,.697,110,318,123,65,21,134,175,2023
147,148,Long Beach State,8,4,4,.500,-2.06,1.51,,0,0,,1,1,,1,2,,570,566,,320,225,488,.461,35,118,.297,85,139,.612,90,295,115,69,25,115,142,2023
148,149,Long Island University,8,1,7,.125,-20.18,4.11,,0,0,,1,2,,0,3,,532,641,,320,192,469,.409,51,147,.347,97,150,.647,78,278,108,44,29,131,130,2023
149,150,Longwood,9,5,4,.556,1.39,-3.04,,0,0,,4,1,,1,3,,723,608,,360,268,537,.499,74,190,.389,113,159,.711,82,308,135,59,18,104,153,2023
150,151,Louisiana,8,7,1,.875,0.09,-2.75,,0,0,,3,0,,2,1,,678,576,,325,247,507,.487,64,166,.386,120,169,.710,103,315,118,58,31,102,140,2023
151,152,Louisiana State,8,7,1,.875,7.31,-3.32,,0,0,,5,0,,0,0,,576,491,,320,197,428,.460,61,158,.386,121,166,.729,75,277,102,73,24,111,147,2023
152,153,Louisiana Tech,8,6,2,.750,2.77,-2.06,,0,0,,3,0,,2,2,,624,534,,320,220,472,.466,79,210,.376,105,140,.750,86,289,120,74,17,130,150,2023
153,154,Louisiana-Monroe,9,3,6,.333,-18.94,-0.28,,0,0,,3,0,,0,4,,669,625,,360,246,564,.436,66,195,.338,111,157,.707,123,345,148,85,30,132,135,2023
154,155,Louisville,8,0,8,.000,-10.35,6.15,,0,1,,0,5,,0,0,,459,591,,320,155,414,.374,40,147,.272,109,147,.741,64,258,58,41,19,137,130,2023
155,156,Loyola (IL),9,4,5,.444,-5.43,-3.54,,0,0,,3,1,,1,1,,605,622,,370,222,471,.471,62,197,.315,99,145,.683,84,314,122,56,24,161,185,2023
156,157,Loyola (MD),10,4,6,.400,-12.84,-5.29,,0,0,,2,1,,1,4,,667,707,,400,241,546,.441,81,217,.373,104,167,.623,89,310,143,75,23,155,158,2023
157,158,Loyola Marymount,11,8,3,.727,6.26,2.76,,0,0,,5,1,,1,2,,853,768,,450,309,673,.459,111,309,.359,124,180,.689,116,413,143,73,22,144,215,2023
158,159,Maine,9,5,4,.556,-3.43,-4.85,,0,0,,3,0,,2,3,,678,587,,360,266,533,.499,63,183,.344,83,119,.697,78,311,139,88,28,109,132,2023
159,160,Manhattan,8,3,5,.375,-16.30,-7.02,,1,0,,2,1,,0,3,,539,557,,325,203,461,.440,59,180,.328,74,119,.622,69,252,99,68,40,122,131,2023
160,161,Marist,8,4,4,.500,-8.33,-7.45,,0,0,,2,2,,1,2,,490,497,,325,176,455,.387,70,220,.318,68,111,.613,70,288,88,62,36,105,125,2023
161,162,Marquette,10,7,3,.700,18.45,4.85,,0,0,,6,1,,0,1,,825,689,,405,300,604,.497,93,266,.350,132,190,.695,86,334,196,93,37,128,169,2023
162,163,Marshall,9,8,1,.889,11.23,-4.55,,0,0,,6,0,,2,1,,752,610,,360,304,645,.471,78,234,.333,66,106,.623,136,386,179,86,52,97,138,2023
163,164,Maryland,9,8,1,.889,17.51,0.51,,1,1,,5,0,,1,1,,705,552,,360,251,522,.481,69,204,.338,134,187,.717,100,341,106,54,39,106,144,2023
164,165,Maryland-Baltimore County,10,6,4,.600,-5.86,-6.42,,0,0,,4,1,,2,3,,784,752,,400,274,623,.440,109,286,.381,127,163,.779,103,355,147,57,22,107,141,2023
165,166,Maryland-Eastern Shore,9,3,6,.333,-11.13,1.62,,0,0,,3,0,,0,6,,558,613,,360,200,510,.392,63,196,.321,95,133,.714,77,284,101,77,14,123,148,2023
166,167,Massachusetts,9,7,2,.778,5.04,0.15,,0,0,,2,2,,2,0,,657,613,,360,243,552,.440,56,152,.368,115,168,.685,108,335,136,67,38,129,153,2023
167,168,Massachusetts-Lowell,11,10,1,.909,4.91,-7.87,,0,0,,5,0,,5,1,,919,687,,440,353,687,.514,85,216,.394,128,188,.681,140,471,188,96,57,174,184,2023
168,169,McNeese State,9,3,6,.333,-14.71,-0.96,,0,0,,2,2,,1,4,,598,652,,360,225,532,.423,73,222,.329,75,139,.540,120,332,104,81,21,147,186,2023
169,170,Memphis,9,7,2,.778,12.23,3.00,,0,0,,4,0,,1,1,,662,579,,360,246,536,.459,53,163,.325,117,161,.727,103,328,142,82,44,118,157,2023
170,171,Mercer,10,5,5,.500,-5.37,-4.25,,0,0,,3,1,,0,3,,780,697,,405,289,584,.495,73,192,.380,129,189,.683,98,351,183,62,20,116,179,2023
171,172,Merrimack,12,2,10,.167,-17.83,2.47,,0,0,,2,2,,0,6,,681,809,,480,234,618,.379,82,300,.273,131,184,.712,68,313,129,126,34,176,166,2023
172,173,Miami (FL),10,9,1,.900,9.61,-0.99,,1,0,,6,0,,2,0,,777,671,,400,290,597,.486,75,217,.346,122,160,.763,113,340,150,85,37,126,152,2023
173,174,Miami (OH),8,3,5,.375,-8.68,0.47,,0,0,,3,3,,0,1,,592,613,,320,201,479,.420,69,215,.321,121,146,.829,75,258,107,60,28,107,131,2023
174,175,Michigan,9,6,3,.667,8.65,2.76,,1,0,,3,1,,1,0,,691,638,,365,248,544,.456,75,211,.355,120,179,.670,73,325,127,51,54,83,136,2023
175,176,Michigan State,10,6,4,.600,11.35,10.75,,1,1,,2,1,,2,1,,699,693,,410,258,591,.437,71,192,.370,112,146,.767,96,365,152,46,29,112,164,2023
176,177,Middle Tennessee,9,6,3,.667,0.09,-2.62,,1,0,,3,0,,0,3,,623,554,,360,229,506,.453,54,189,.286,111,169,.657,111,319,102,77,40,138,160,2023
177,178,Milwaukee,11,7,4,.636,-0.72,-1.16,,2,0,,6,1,,1,3,,861,727,,440,309,638,.484,87,233,.373,156,213,.732,120,422,155,95,63,174,198,2023
178,179,Minnesota,9,4,5,.444,-2.41,2.15,,0,2,,3,2,,0,2,,580,621,,365,211,488,.432,59,180,.328,99,177,.559,91,316,120,43,36,119,137,2023
179,180,Mississippi,8,6,2,.750,9.81,4.19,,0,0,,4,0,,0,1,,553,508,,321,204,461,.443,50,150,.333,95,138,.688,109,302,104,69,32,113,115,2023
180,181,Mississippi State,8,8,0,1.000,19.58,-0.92,,0,0,,5,0,,0,0,,561,397,,320,213,500,.426,56,186,.301,79,127,.622,128,347,126,93,36,87,101,2023
181,182,Mississippi Valley State,10,1,9,.100,-19.95,3.85,,0,0,,1,0,,0,7,,534,772,,400,186,511,.364,49,135,.363,113,171,.661,96,295,79,64,17,159,182,2023
182,183,Missouri,9,9,0,1.000,11.53,-7.70,,0,0,,8,0,,1,0,,837,664,,365,317,614,.516,91,260,.350,112,147,.762,101,313,194,127,33,106,163,2023
183,184,Missouri State,9,4,5,.444,-0.04,0.72,,1,1,,2,1,,1,2,,567,538,,360,214,506,.423,68,202,.337,71,124,.573,92,314,101,65,32,109,143,2023
184,185,Monmouth,9,1,8,.111,-19.00,0.67,,0,0,,0,2,,1,6,,561,738,,360,203,503,.404,47,157,.299,108,182,.593,107,298,106,78,17,163,183,2023
185,186,Montana,9,4,5,.444,0.03,2.41,,0,0,,4,1,,0,4,,583,590,,360,199,466,.427,60,191,.314,125,160,.781,75,293,103,42,24,111,164,2023
186,187,Montana State,10,5,5,.500,-2.61,-0.17,,0,0,,2,0,,3,2,,720,700,,400,251,555,.452,63,200,.315,155,202,.767,92,354,134,58,32,141,194,2023
187,188,Morehead State,9,4,5,.444,-11.35,6.82,,0,0,,4,1,,0,4,,671,627,,360,237,553,.429,68,220,.309,129,181,.713,104,348,133,63,32,121,156,2023
188,189,Morgan State,10,4,6,.400,-5.27,3.87,,0,0,,3,0,,0,5,,827,699,,410,324,666,.486,68,178,.382,111,164,.677,135,366,176,132,45,160,239,2023
189,190,Mount St. Mary's,10,4,6,.400,-4.63,-0.74,,1,1,,1,2,,3,4,,670,683,,400,239,576,.415,74,210,.352,118,169,.698,116,356,142,55,32,136,177,2023
190,191,Murray State,8,5,3,.625,1.29,0.15,,2,0,,2,0,,1,2,,605,560,,330,217,479,.453,56,175,.320,115,165,.697,79,320,111,45,28,87,126,2023
191,192,Navy,9,5,4,.556,-0.23,-1.67,,0,0,,4,0,,1,4,,662,649,,365,252,524,.481,89,218,.408,69,104,.663,86,304,142,48,22,110,147,2023
192,193,NC State,10,8,2,.800,15.48,-0.02,,0,1,,6,1,,0,0,,818,663,,400,301,635,.474,91,254,.358,125,176,.710,114,384,151,99,45,120,164,2023
193,194,Nebraska,10,6,4,.600,9.05,5.25,,0,1,,4,0,,1,2,,694,656,,400,263,567,.464,65,207,.314,103,162,.636,106,364,144,62,17,132,115,2023
194,195,Nevada,10,8,2,.800,11.27,4.27,,0,0,,4,0,,2,1,,742,635,,405,233,536,.435,82,221,.371,194,248,.782,78,358,137,55,46,109,193,2023
195,196,Nevada-Las Vegas,9,9,0,1.000,11.36,-1.27,,0,0,,5,0,,1,0,,717,544,,360,250,549,.455,76,207,.367,141,203,.695,109,350,135,100,38,122,133,2023
196,197,New Hampshire,8,3,5,.375,-11.69,-5.97,,0,0,,2,2,,1,3,,521,529,,325,183,488,.375,69,196,.352,86,119,.723,98,308,95,37,14,82,131,2023
197,198,New Mexico,8,8,0,1.000,13.76,-0.81,,0,0,,6,0,,2,0,,677,536,,320,242,492,.492,41,124,.331,152,205,.741,84,318,133,63,35,87,132,2023
198,199,New Mexico State,7,4,3,.571,7.22,3.82,,0,0,,3,0,,0,2,,560,452,,280,206,445,.463,72,187,.385,76,119,.639,73,267,111,61,19,90,121,2023
199,200,New Orleans,7,2,5,.286,-14.95,-3.11,,0,0,,2,3,,0,2,,485,554,,280,177,396,.447,43,119,.361,88,133,.662,69,211,113,54,12,136,132,2023
200,201,Niagara,8,4,4,.500,-3.73,3.85,,1,1,,1,0,,1,4,,519,534,,320,192,444,.432,53,147,.361,82,116,.707,82,278,102,37,17,95,126,2023
201,202,Nicholls State,8,3,5,.375,-9.59,6.91,,0,0,,2,0,,0,4,,627,616,,320,237,523,.453,62,187,.332,91,135,.674,79,263,117,92,24,117,187,2023
202,203,NJIT,9,1,8,.111,-13.58,-4.36,,0,0,,0,3,,1,5,,546,629,,360,187,475,.394,61,192,.318,111,175,.634,69,286,107,45,24,98,138,2023
203,204,Norfolk State,9,5,4,.556,-7.46,7.54,,0,0,,3,0,,1,4,,680,642,,360,251,529,.474,65,195,.333,113,168,.673,103,313,125,68,28,118,160,2023
204,205,North Alabama,10,6,4,.600,-12.77,-7.65,,0,0,,3,0,,2,4,,787,731,,400,293,602,.487,69,187,.369,132,194,.680,96,360,134,70,30,122,169,2023
205,206,North Carolina,9,5,4,.556,14.97,11.41,,0,1,,4,0,,0,2,,715,683,,380,242,536,.451,52,178,.292,179,238,.752,92,347,97,51,44,104,160,2023
206,207,North Carolina A&T,8,4,4,.500,-10.38,5.02,,0,0,,4,0,,0,3,,602,561,,320,218,497,.439,76,220,.345,90,125,.720,70,276,104,71,23,102,151,2023
207,208,North Carolina Central,10,5,5,.500,1.02,5.17,,0,0,,5,0,,0,5,,813,680,,405,302,611,.494,93,219,.425,116,160,.725,99,343,171,86,26,130,188,2023
208,209,North Dakota,11,5,6,.455,-8.86,-0.66,,0,0,,3,2,,2,4,,748,799,,440,273,620,.440,88,260,.338,114,169,.675,106,362,143,54,31,150,182,2023
209,210,North Dakota State,10,2,8,.200,-8.50,4.39,,0,0,,1,1,,1,5,,687,782,,400,242,593,.408,80,257,.311,123,181,.680,91,367,115,39,24,139,158,2023
210,211,North Florida,8,2,6,.250,-8.60,8.97,,0,0,,2,0,,0,6,,560,642,,320,198,479,.413,68,226,.301,96,143,.671,83,284,95,40,25,118,122,2023
211,212,North Texas,9,7,2,.778,6.78,0.50,,0,0,,4,0,,1,1,,546,466,,360,187,478,.391,71,210,.338,101,153,.660,128,329,96,55,25,101,146,2023
212,213,Northeastern,8,2,6,.250,-8.81,-1.31,,0,0,,1,1,,0,4,,497,557,,325,187,483,.387,55,189,.291,68,110,.618,97,306,98,47,38,122,130,2023
213,214,Northern Arizona,11,4,7,.364,-6.77,3.34,,0,0,,3,1,,1,5,,793,797,,440,283,682,.415,97,281,.345,130,180,.722,133,413,166,63,19,140,206,2023
214,215,Northern Colorado,9,4,5,.444,-6.65,4.97,,0,0,,1,2,,1,3,,644,738,,365,211,484,.436,84,233,.361,138,174,.793,60,269,108,39,14,127,155,2023
215,216,Northern Illinois,9,3,6,.333,-12.83,-3.11,,0,0,,1,1,,1,4,,625,673,,360,229,525,.436,70,205,.341,97,148,.655,91,311,109,59,25,146,170,2023
216,217,Northern Iowa,9,3,6,.333,-4.78,-1.91,,1,1,,3,2,,0,2,,628,595,,360,232,527,.440,72,213,.338,92,144,.639,96,320,99,60,18,114,128,2023
217,218,Northern Kentucky,10,5,5,.500,-2.70,3.08,,2,0,,5,1,,0,1,,665,677,,420,244,580,.421,67,201,.333,110,170,.647,119,331,129,87,28,132,160,2023
218,219,Northwestern,8,6,2,.750,9.63,2.25,,1,0,,3,1,,2,0,,519,460,,320,176,454,.388,63,199,.317,104,142,.732,87,303,107,69,41,98,121,2023
219,220,Northwestern State,9,7,2,.778,-0.85,-0.47,,0,0,,2,1,,4,1,,658,650,,365,237,572,.414,80,205,.390,104,139,.748,117,305,100,91,22,107,163,2023
220,221,Notre Dame,9,7,2,.778,6.04,0.48,,0,1,,7,1,,0,0,,660,610,,360,234,490,.478,77,206,.374,115,141,.816,56,284,108,41,29,79,100,2023
221,222,Oakland,11,2,9,.182,-14.38,-0.58,,0,2,,2,2,,0,4,,822,895,,450,293,676,.433,94,296,.318,142,198,.717,96,346,143,75,28,123,142,2023
222,223,Ohio,8,4,4,.500,-3.07,-3.50,,0,0,,4,0,,0,4,,622,550,,325,237,515,.460,72,205,.351,76,109,.697,111,325,119,48,25,95,119,2023
223,224,Ohio State,9,7,2,.778,18.42,2.97,,1,0,,5,0,,0,1,,711,572,,360,260,541,.481,67,181,.370,124,160,.775,117,363,114,38,33,106,136,2023
224,225,Oklahoma,9,7,2,.778,13.22,4.33,,0,0,,4,1,,0,1,,601,521,,360,219,444,.493,61,160,.381,102,144,.708,54,282,126,48,31,111,132,2023
225,226,Oklahoma State,9,6,3,.667,13.58,3.13,,0,0,,4,1,,1,1,,655,561,,365,238,522,.456,54,175,.309,125,175,.714,115,360,120,60,49,134,150,2023
226,227,Old Dominion,10,6,4,.600,2.93,0.15,,0,0,,5,0,,0,2,,700,661,,400,261,580,.450,44,130,.338,134,209,.641,124,385,118,60,40,103,165,2023
227,228,Omaha,10,3,7,.300,-7.20,5.20,,0,0,,1,1,,0,6,,644,768,,400,234,551,.425,48,164,.293,128,163,.785,78,308,110,53,40,145,171,2023
228,229,Oral Roberts,9,6,3,.667,5.67,11.07,,0,0,,4,0,,2,3,,749,672,,360,276,621,.444,100,293,.341,97,134,.724,101,360,140,58,49,90,124,2023
229,230,Oregon,9,4,5,.444,13.85,10.96,,1,1,,3,2,,0,1,,606,580,,360,226,504,.448,58,206,.282,96,153,.627,106,326,114,49,42,119,127,2023
230,231,Oregon State,9,4,5,.444,1.36,3.98,,1,1,,4,1,,0,1,,600,604,,360,209,464,.450,49,160,.306,133,177,.751,68,299,114,42,40,129,164,2023
231,232,Pacific,10,3,7,.300,-3.67,-3.47,,0,0,,0,5,,3,2,,771,773,,410,273,609,.448,79,217,.364,146,201,.726,91,331,97,56,28,114,208,2023
232,233,Penn State,9,6,3,.667,10.53,2.97,,0,1,,4,1,,0,1,,673,605,,370,241,528,.456,105,267,.393,86,112,.768,56,315,141,44,18,88,140,2023
233,234,Pennsylvania,12,5,7,.417,-2.66,0.51,,0,0,,3,3,,2,4,,867,905,,495,313,695,.450,103,291,.354,138,188,.734,120,447,185,62,40,168,226,2023
234,235,Pepperdine,8,5,3,.625,6.12,0.69,,0,0,,5,1,,0,2,,644,592,,320,235,484,.486,87,201,.433,87,124,.702,62,303,127,44,40,108,140,2023
235,236,Pittsburgh,10,6,4,.600,7.42,1.92,,1,0,,4,1,,2,1,,728,673,,400,249,563,.442,88,257,.342,142,195,.728,110,385,138,56,39,142,169,2023
236,237,Portland,12,7,5,.583,7.84,2.64,,0,0,,5,3,,1,1,,968,868,,480,322,693,.465,121,315,.384,203,260,.781,107,430,210,61,33,156,214,2023
237,238,Portland State,9,5,4,.556,4.53,9.11,,0,0,,3,0,,1,2,,768,644,,360,266,571,.466,84,243,.346,152,199,.764,110,323,145,78,28,117,219,2023
238,239,Prairie View,8,4,4,.500,-6.51,-2.84,,0,0,,3,0,,1,4,,595,575,,320,223,504,.442,45,155,.290,104,140,.743,91,267,91,70,19,96,162,2023
239,240,Presbyterian,10,2,8,.200,-12.21,-1.43,,0,0,,2,1,,0,5,,621,684,,404,227,562,.404,53,192,.276,114,184,.620,118,344,108,57,36,136,185,2023
240,241,Princeton,9,7,2,.778,4.41,-4.46,,0,0,,2,1,,3,1,,680,575,,360,252,531,.475,72,203,.355,104,148,.703,86,353,116,52,37,105,122,2023
241,242,Providence,10,7,3,.700,5.27,-5.23,,0,0,,6,0,,1,1,,790,685,,400,284,598,.475,63,186,.339,159,219,.726,128,386,154,78,53,124,138,2023
242,243,Purdue,9,9,0,1.000,25.09,8.20,,1,0,,5,0,,1,0,,714,562,,360,246,525,.469,70,200,.350,152,195,.779,113,382,152,44,34,95,130,2023
243,244,Purdue-Fort Wayne,10,6,4,.600,-1.49,-0.36,,1,1,,4,1,,1,2,,772,636,,405,275,630,.437,106,311,.341,116,166,.699,105,401,150,84,24,150,145,2023
244,245,Queens (NC),10,8,2,.800,0.36,-2.78,,0,0,,4,0,,2,2,,817,697,,400,289,605,.478,87,253,.344,152,218,.697,138,432,148,65,24,150,166,2023
245,246,Quinnipiac,10,8,2,.800,-1.11,-6.89,,0,1,,2,1,,4,0,,741,671,,400,270,597,.452,79,216,.366,122,205,.595,125,398,131,76,24,139,172,2023
246,247,Radford,9,6,3,.667,2.32,-0.39,,0,0,,4,0,,1,3,,697,582,,360,252,509,.495,64,175,.366,129,185,.697,81,310,117,62,29,101,143,2023
247,248,Rhode Island,9,2,7,.222,-6.07,-2.96,,0,0,,1,4,,0,1,,572,600,,360,200,508,.394,40,148,.270,132,186,.710,117,347,106,59,31,136,169,2023
248,249,Rice,8,6,2,.750,-12.05,-9.19,,0,1,,5,0,,1,2,,611,594,,320,208,439,.474,73,211,.346,122,173,.705,58,265,130,42,14,95,112,2023
249,250,Richmond,8,3,5,.375,2.59,0.84,,0,0,,2,1,,0,3,,536,522,,330,187,449,.416,74,211,.351,88,126,.698,74,283,105,47,26,101,117,2023
250,251,Rider,8,4,4,.500,-4.06,-3.20,,1,0,,2,0,,2,2,,585,554,,320,210,488,.430,48,139,.345,117,150,.780,102,305,95,49,23,93,169,2023
251,252,Robert Morris,10,4,6,.400,-6.24,-0.49,,1,1,,2,0,,2,3,,695,651,,400,267,587,.455,78,198,.394,83,135,.615,95,347,138,69,31,133,160,2023
252,253,Rutgers,9,6,3,.667,18.64,1.86,,1,1,,6,0,,0,2,,651,500,,360,236,547,.431,50,161,.311,129,184,.701,124,359,129,94,36,112,145,2023
253,254,Sacramento State,9,4,5,.444,-4.20,1.43,,0,0,,2,0,,2,2,,617,647,,375,225,510,.441,61,177,.345,106,159,.667,103,321,117,45,26,125,149,2023
254,255,Sacred Heart,10,5,5,.500,-11.48,-7.03,,0,0,,2,2,,3,3,,730,729,,400,264,630,.419,73,235,.311,129,182,.709,106,369,135,83,31,129,164,2023
255,256,Saint Francis (PA),10,3,7,.300,-13.84,-1.59,,0,0,,3,3,,0,4,,742,743,,400,273,594,.460,81,222,.365,115,164,.701,89,337,156,49,14,129,172,2023
256,257,Saint Joseph's,8,3,5,.375,-6.01,0.24,,0,0,,2,1,,1,1,,557,607,,325,180,440,.409,68,204,.333,129,188,.686,80,275,90,52,16,116,158,2023
257,258,Saint Louis,10,7,3,.700,8.96,6.18,,0,0,,6,0,,0,2,,790,722,,400,289,634,.456,70,207,.338,142,185,.768,127,417,168,47,38,119,164,2023
258,259,Saint Mary's (CA),10,7,3,.700,18.18,7.00,,0,0,,6,1,,0,0,,686,559,,405,254,562,.452,74,197,.376,104,164,.634,101,368,123,80,34,115,142,2023
259,260,Saint Peter's,8,4,4,.500,-11.03,-7.17,,0,2,,4,1,,0,3,,545,525,,320,203,487,.417,53,159,.333,86,124,.694,114,307,92,51,31,98,190,2023
260,261,Sam Houston State,9,7,2,.778,12.68,5.35,,0,0,,3,0,,2,2,,711,491,,360,277,593,.467,73,209,.349,84,124,.677,134,375,147,100,23,112,145,2023
261,262,Samford,10,6,4,.600,7.21,-1.79,,0,0,,5,2,,1,2,,853,706,,410,281,625,.450,85,267,.318,206,277,.744,128,410,130,87,29,143,204,2023
262,263,San Diego,9,5,4,.556,0.31,2.46,,0,0,,5,2,,0,0,,717,681,,365,252,556,.453,78,203,.384,135,179,.754,104,325,141,70,18,111,148,2023
263,264,San Diego State,9,7,2,.778,14.30,9.30,,0,0,,5,0,,1,0,,695,617,,365,246,532,.462,64,191,.335,139,189,.735,83,309,128,83,23,111,147,2023
264,265,San Francisco,10,8,2,.800,3.50,-2.61,,0,0,,5,0,,1,1,,750,678,,400,257,585,.439,92,288,.319,144,196,.735,102,378,137,71,32,148,185,2023
265,266,San Jose State,10,7,3,.700,-4.63,-4.52,,0,0,,4,1,,1,1,,696,675,,400,260,556,.468,72,215,.335,104,157,.662,114,387,135,32,36,130,165,2023
266,267,Santa Clara,10,8,2,.800,5.46,2.24,,0,0,,5,0,,0,1,,732,690,,405,261,617,.423,79,245,.322,131,182,.720,115,417,145,58,44,141,137,2023
267,268,Seattle,7,6,1,.857,8.82,2.02,,0,0,,4,0,,2,1,,578,457,,280,202,443,.456,75,202,.371,99,142,.697,87,281,102,51,18,89,128,2023
268,269,Seton Hall,9,5,4,.556,8.16,2.91,,0,0,,4,1,,0,1,,644,575,,360,208,474,.439,54,168,.321,174,255,.682,110,341,111,71,40,144,173,2023
269,270,Siena,9,5,4,.556,-1.50,-3.17,,1,0,,2,1,,1,2,,647,632,,365,225,498,.452,68,179,.380,129,173,.746,86,311,123,52,39,140,160,2023
270,271,South Alabama,9,3,6,.333,4.21,7.96,,0,0,,1,1,,0,4,,635,627,,360,249,547,.455,60,202,.297,77,111,.694,59,288,100,54,36,90,131,2023
271,272,South Carolina,8,4,4,.500,-10.03,-2.40,,0,0,,3,0,,1,1,,510,571,,325,188,475,.396,60,186,.323,74,118,.627,102,292,96,36,29,114,124,2023
272,273,South Carolina State,10,1,9,.100,-17.94,-0.54,,0,0,,0,0,,1,9,,692,866,,400,274,679,.404,53,193,.275,91,156,.583,131,347,117,77,32,119,196,2023
273,274,South Carolina Upstate,8,4,4,.500,-13.90,-0.07,,0,0,,3,0,,1,4,,558,559,,320,210,438,.479,48,137,.350,90,143,.629,65,246,95,54,28,102,155,2023
274,275,South Dakota,10,5,5,.500,-11.15,1.73,,0,0,,3,0,,0,4,,668,714,,400,237,572,.414,83,231,.359,111,144,.771,106,362,118,47,16,134,158,2023
275,276,South Dakota State,10,3,7,.300,-0.58,7.63,,0,0,,0,1,,1,5,,662,744,,405,222,520,.427,64,194,.330,154,194,.794,59,305,104,54,25,167,150,2023
276,277,South Florida,9,3,6,.333,0.54,-0.90,,0,0,,2,4,,0,1,,608,595,,360,229,532,.430,57,180,.317,93,148,.628,111,326,114,58,18,107,157,2023
277,278,Southeast Missouri State,10,5,5,.500,-4.55,0.33,,0,0,,2,1,,2,3,,720,684,,400,250,601,.416,82,243,.337,138,191,.723,105,373,139,76,35,148,195,2023
278,279,Southeastern Louisiana,10,5,5,.500,-5.94,2.20,,0,0,,3,0,,1,4,,787,756,,400,282,619,.456,93,243,.383,130,180,.722,96,337,134,84,15,123,187,2023
279,280,Southern,8,3,5,.375,-2.67,3.62,,0,0,,1,0,,1,4,,587,571,,320,214,488,.439,60,174,.345,99,140,.707,71,254,115,86,14,125,182,2023
280,281,Southern California,10,7,3,.700,6.66,0.66,,2,0,,5,1,,1,0,,699,639,,405,253,558,.453,55,180,.306,138,198,.697,90,369,139,67,62,139,166,2023
281,282,Southern Illinois,9,5,4,.556,4.44,0.66,,1,1,,2,1,,2,2,,601,567,,365,218,474,.460,77,234,.329,88,119,.739,52,289,122,73,17,133,161,2023
282,283,SIU Edwardsville,10,7,3,.700,0.55,-1.45,,0,0,,3,1,,2,2,,759,680,,400,258,573,.450,65,200,.325,178,242,.736,119,364,114,85,41,142,151,2023
283,284,Southern Indiana,9,4,5,.444,-3.76,0.10,,0,0,,3,0,,1,5,,671,635,,360,245,527,.465,84,212,.396,97,146,.664,86,312,132,85,26,138,167,2023
284,285,Southern Methodist,9,3,6,.333,-4.37,-1.59,,0,0,,3,4,,0,2,,593,618,,365,212,540,.393,60,196,.306,109,159,.686,93,341,105,48,39,113,149,2023
285,286,Southern Mississippi,9,8,1,.889,10.59,0.42,,0,0,,4,0,,2,1,,693,524,,360,264,548,.482,57,178,.320,108,163,.663,109,336,131,87,26,96,153,2023
286,287,Southern Utah,10,6,4,.600,-0.48,2.19,,0,0,,4,1,,1,2,,919,700,,410,335,689,.486,87,270,.322,162,225,.720,133,435,159,116,29,130,182,2023
287,288,St. Bonaventure,9,6,3,.667,2.87,-3.02,,0,0,,5,0,,0,2,,635,582,,365,226,515,.439,63,180,.350,120,173,.694,97,327,112,55,38,118,164,2023
288,289,St. Francis (NY),8,4,4,.500,-16.06,-7.06,,0,0,,4,0,,0,4,,522,547,,320,189,460,.411,54,154,.351,90,132,.682,93,268,99,62,39,108,123,2023
289,290,St. John's (NY),10,9,1,.900,10.77,-2.53,,1,0,,7,0,,0,1,,814,681,,405,312,653,.478,59,191,.309,131,188,.697,135,426,166,95,36,142,167,2023
290,291,St. Thomas (MN),11,7,4,.636,-1.07,-0.84,,0,0,,4,0,,1,4,,845,764,,440,297,619,.480,105,269,.390,146,193,.756,89,370,152,60,27,127,166,2023
291,292,Stanford,9,3,6,.333,8.91,8.36,,0,2,,2,2,,0,1,,596,591,,360,210,502,.418,62,220,.282,114,163,.699,99,324,119,60,36,132,151,2023
292,293,Stephen F. Austin,8,4,4,.500,-2.42,-2.71,,0,0,,2,2,,1,0,,610,555,,320,216,467,.463,46,118,.390,132,178,.742,103,277,112,81,24,138,171,2023
293,294,Stetson,7,4,3,.571,-3.82,0.18,,0,0,,1,0,,2,2,,552,502,,285,205,432,.475,68,177,.384,74,106,.698,84,249,103,43,27,67,108,2023
294,295,Stonehill,11,4,7,.364,-10.16,-0.76,,0,0,,1,2,,2,4,,806,853,,440,279,605,.461,94,245,.384,154,190,.811,68,331,137,79,34,151,188,2023
295,296,Stony Brook,9,2,7,.222,-21.85,-1.42,,0,0,,2,1,,0,5,,571,652,,360,198,478,.414,81,244,.332,94,140,.671,66,304,119,45,17,125,122,2023
296,297,Syracuse,9,5,4,.556,3.53,0.19,,1,0,,3,2,,1,1,,650,620,,370,251,552,.455,52,164,.317,96,138,.696,95,340,126,67,45,105,126,2023
297,298,Tarleton State,9,5,4,.556,2.63,4.20,,0,0,,3,0,,0,3,,678,600,,360,232,503,.461,43,132,.326,171,255,.671,97,286,130,106,27,118,190,2023
298,299,TCU,8,7,1,.875,8.67,-5.08,,0,0,,5,1,,0,0,,599,489,,320,217,487,.446,44,160,.275,121,173,.699,105,316,128,60,41,99,123,2023
299,300,Temple,10,6,4,.600,6.58,3.08,,0,0,,4,2,,1,0,,714,679,,410,244,551,.443,82,231,.355,144,192,.750,91,344,139,45,40,137,170,2023
300,301,Tennessee,9,8,1,.889,26.84,2.06,,0,0,,5,0,,0,0,,684,461,,365,218,525,.415,76,234,.325,172,232,.741,135,376,156,106,43,130,140,2023
301,302,Tennessee State,9,5,4,.556,-7.14,-4.28,,0,0,,4,0,,0,3,,669,625,,361,245,547,.448,72,221,.326,107,161,.665,93,319,133,58,36,106,163,2023
302,303,Tennessee Tech,9,3,6,.333,-7.22,4.93,,0,0,,3,2,,0,4,,645,660,,375,237,557,.425,81,220,.368,90,129,.698,95,331,149,75,15,126,137,2023
303,304,Tennessee-Martin,9,4,5,.444,-9.61,-2.04,,0,0,,4,0,,0,5,,731,682,,360,269,574,.469,74,214,.346,119,175,.680,108,348,142,89,30,117,173,2023
304,305,Texas,7,6,1,.857,23.74,3.02,,0,0,,5,0,,0,0,,561,416,,285,213,447,.477,48,164,.293,87,129,.674,80,276,112,60,31,82,123,2023
305,306,Texas A&M,8,5,3,.625,4.91,-1.47,,0,0,,3,0,,1,0,,621,570,,320,207,461,.449,53,165,.321,154,215,.716,99,279,112,77,22,97,187,2023
306,307,Texas A&M-Commerce,10,4,6,.400,-7.77,-3.77,,0,0,,1,0,,2,5,,707,688,,405,267,633,.422,90,320,.281,83,128,.648,114,359,148,68,36,118,203,2023
307,308,Texas A&M-Corpus Christi,9,5,4,.556,0.35,-4.22,,0,0,,4,0,,0,3,,717,630,,360,257,571,.450,63,197,.320,140,182,.769,115,340,141,92,20,126,174,2023
308,309,Texas Southern,8,1,7,.125,-5.37,13.63,,0,0,,1,1,,0,6,,484,636,,325,186,485,.384,36,135,.267,76,133,.571,95,279,66,50,20,125,135,2023
309,310,Texas State,9,5,4,.556,-6.63,-4.76,,0,0,,1,1,,3,2,,596,593,,360,223,503,.443,42,143,.294,108,164,.659,87,280,91,70,38,107,172,2023
310,311,Texas Tech,8,6,2,.750,13.00,1.50,,0,0,,5,0,,0,0,,580,488,,320,202,420,.481,50,141,.355,126,176,.716,80,291,115,62,29,124,118,2023
311,312,Texas-Rio Grande Valley,9,5,4,.556,-11.28,1.72,,0,0,,5,0,,0,4,,710,693,,360,244,496,.492,49,142,.345,173,253,.684,96,348,137,39,34,156,168,2023
312,313,The Citadel,9,5,4,.556,-9.25,-4.25,,0,0,,2,1,,2,2,,640,637,,360,225,525,.429,66,208,.317,124,157,.790,76,336,110,42,20,111,148,2023
313,314,Toledo,9,6,3,.667,4.69,-1.87,,0,0,,3,0,,1,1,,764,705,,360,282,582,.485,74,196,.378,126,160,.788,103,316,138,70,28,102,151,2023
314,315,Towson,10,8,2,.800,0.58,-4.82,,0,0,,2,0,,4,1,,703,649,,400,253,559,.453,60,180,.333,137,196,.699,121,376,136,56,40,117,151,2023
315,316,Troy,10,6,4,.600,3.28,1.71,,0,0,,3,0,,2,3,,790,648,,400,287,630,.456,91,252,.361,125,183,.683,130,369,146,100,28,133,183,2023
316,317,Tulane,8,5,3,.625,2.04,-5.09,,0,0,,4,1,,0,0,,637,580,,320,227,483,.470,61,189,.323,122,151,.808,62,262,132,61,34,80,120,2023
317,318,Tulsa,8,2,6,.250,-4.20,0.68,,0,0,,1,2,,0,2,,559,598,,320,206,491,.420,68,205,.332,79,117,.675,79,277,99,53,15,103,122,2023
318,319,UAB,8,7,1,.875,15.13,-2.02,,0,0,,5,0,,0,0,,721,544,,320,257,522,.492,57,166,.343,150,194,.773,107,341,146,72,39,98,131,2023
319,320,UC Davis,9,6,3,.667,0.94,-3.44,,0,0,,2,1,,1,2,,708,650,,365,251,533,.471,67,184,.364,139,231,.602,108,371,131,59,38,133,180,2023
320,321,UC Irvine,9,6,3,.667,12.35,5.78,,0,0,,3,1,,1,2,,718,564,,360,272,579,.470,71,173,.410,103,147,.701,113,375,151,70,27,117,169,2023
321,322,UC Riverside,8,5,3,.625,-2.40,1.17,,0,0,,1,0,,1,3,,582,531,,320,220,488,.451,64,190,.337,78,112,.696,83,315,106,44,13,103,135,2023
322,323,UC San Diego,8,4,4,.500,-7.40,-1.40,,,,,2,2,,2,1,,535,572,,325,194,468,.415,50,183,.273,97,143,.678,93,299,96,51,16,96,141,2023
323,324,UC Santa Barbara,7,5,2,.714,-0.62,-5.46,,0,0,,4,0,,0,2,,501,456,,280,181,374,.484,44,123,.358,95,145,.655,68,260,112,38,20,95,107,2023
324,325,UCLA,9,7,2,.778,23.13,5.69,,2,0,,6,0,,1,0,,726,569,,360,283,564,.502,62,161,.385,98,134,.731,98,317,146,73,30,96,136,2023
325,326,UNC Asheville,9,6,3,.667,-3.23,-4.52,,0,0,,4,0,,1,2,,758,649,,370,270,537,.503,84,205,.410,134,196,.684,90,343,123,66,44,137,134,2023
326,327,UNC Greensboro,10,4,6,.400,-6.25,-0.59,,0,0,,2,1,,1,3,,654,672,,400,228,579,.394,71,234,.303,127,177,.718,110,362,133,66,22,131,179,2023
327,328,UNC Wilmington,10,7,3,.700,1.61,5.99,,0,0,,3,0,,1,3,,682,621,,400,241,562,.429,60,194,.309,140,203,.690,113,344,110,70,34,99,189,2023
328,329,UT Arlington,10,4,6,.400,-4.74,4.97,,0,0,,3,2,,0,2,,690,617,,400,246,616,.399,60,201,.299,138,214,.645,156,417,121,74,38,129,174,2023
329,330,Utah,10,8,2,.800,18.01,2.11,,2,0,,6,1,,1,0,,745,586,,405,268,581,.461,79,197,.401,130,194,.670,118,433,154,44,57,129,154,2023
330,331,Utah State,7,7,0,1.000,16.87,3.16,,0,0,,5,0,,1,0,,609,513,,285,211,423,.499,82,184,.446,105,142,.739,60,271,139,38,27,90,126,2023
331,332,Utah Tech,10,5,5,.500,-2.29,1.82,,0,0,,2,0,,2,5,,740,736,,400,254,567,.448,81,229,.354,151,222,.680,106,330,129,80,19,129,178,2023
332,333,Utah Valley,9,5,4,.556,2.01,0.38,,0,0,,3,0,,1,3,,670,630,,370,231,528,.438,63,208,.303,145,190,.763,91,344,131,66,51,111,156,2023
333,334,UTEP,8,6,2,.750,0.47,3.64,,0,0,,6,0,,0,2,,593,535,,335,207,442,.468,36,142,.254,143,226,.633,83,283,103,79,27,124,138,2023
334,335,UTSA,8,5,3,.625,-10.34,-6.51,,0,0,,5,2,,0,1,,538,527,,326,187,454,.412,62,200,.310,102,152,.671,90,310,93,30,34,117,142,2023
335,336,Valparaiso,10,4,6,.400,-9.40,-2.07,,0,2,,3,1,,0,4,,703,733,,410,271,615,.441,54,194,.278,107,148,.723,97,354,122,62,16,122,182,2023
336,337,Vanderbilt,10,5,5,.500,5.93,5.03,,0,0,,3,3,,1,1,,679,670,,405,247,573,.431,81,235,.345,104,159,.654,102,364,124,52,56,136,177,2023
337,338,Vermont,12,5,7,.417,-4.12,0.43,,0,0,,2,0,,2,4,,806,818,,492,296,661,.448,87,270,.322,127,187,.679,88,392,143,68,26,155,211,2023
338,339,Villanova,9,4,5,.444,6.29,5.07,,0,0,,4,0,,0,2,,633,622,,365,209,478,.437,77,238,.324,138,168,.821,67,263,108,51,12,80,148,2023
339,340,Virginia,8,8,0,1.000,18.46,4.21,,1,0,,5,0,,1,0,,577,463,,320,186,394,.472,57,144,.396,148,209,.708,66,265,122,56,42,78,118,2023
340,341,Virginia Commonwealth,9,5,4,.556,3.38,2.93,,0,0,,4,1,,0,2,,588,584,,360,182,448,.406,55,184,.299,169,243,.695,79,291,90,84,40,142,159,2023
341,342,VMI,10,4,6,.400,-16.61,-3.18,,0,0,,4,0,,0,4,,784,747,,400,279,631,.442,119,306,.389,107,139,.770,125,388,142,56,14,134,165,2023
342,343,Virginia Tech,10,9,1,.900,13.21,-0.39,,1,0,,7,0,,0,1,,771,635,,400,297,599,.496,81,229,.354,96,128,.750,87,358,146,42,39,86,144,2023
343,344,Wagner,8,4,4,.500,-8.80,-2.22,,0,0,,2,0,,2,4,,524,540,,325,195,491,.397,64,191,.335,70,118,.593,99,296,96,48,17,93,180,2023
344,345,Wake Forest,9,7,2,.778,6.88,-1.56,,0,1,,5,0,,1,1,,707,631,,370,246,525,.469,78,220,.355,137,183,.749,76,329,121,63,27,118,153,2023
345,346,Washington,10,7,3,.700,9.36,5.46,,1,1,,5,1,,0,2,,691,652,,405,247,561,.440,60,188,.319,137,182,.753,85,337,103,73,59,141,171,2023
346,347,Washington State,8,4,4,.500,11.41,2.16,,0,2,,3,1,,1,2,,574,500,,325,203,453,.448,71,193,.368,97,135,.719,90,291,95,45,26,104,137,2023
347,348,Weber State,9,2,7,.222,-12.34,-0.47,,0,0,,1,1,,0,4,,576,655,,360,189,458,.413,57,192,.297,141,169,.834,58,256,89,48,16,129,146,2023
348,349,West Virginia,9,7,2,.778,21.13,5.46,,0,0,,4,0,,1,1,,724,583,,360,262,528,.496,69,179,.385,131,182,.720,94,310,136,69,25,111,176,2023
349,350,Western Carolina,10,4,6,.400,-11.42,-5.20,,0,0,,1,2,,1,4,,738,727,,410,250,599,.417,95,270,.352,143,202,.708,107,373,136,61,25,130,187,2023
350,351,Western Illinois,9,5,4,.556,-8.37,-2.52,,0,0,,4,1,,1,3,,696,669,,360,248,528,.470,62,191,.325,138,200,.690,82,321,133,54,32,115,129,2023
351,352,Western Kentucky,8,7,1,.875,-0.37,-5.70,,0,0,,3,0,,2,0,,628,512,,320,225,462,.487,81,176,.460,97,140,.693,67,286,143,59,53,89,121,2023
352,353,Western Michigan,9,3,6,.333,-18.49,-8.92,,0,0,,2,1,,1,4,,649,635,,360,246,538,.457,67,208,.322,90,128,.703,111,345,123,45,22,118,134,2023
353,354,Wichita State,8,4,4,.500,6.09,2.46,,0,0,,2,2,,1,1,,527,498,,325,195,451,.432,48,172,.279,89,131,.679,86,319,75,38,32,105,117,2023
354,355,William & Mary,10,4,6,.400,-3.58,3.65,,0,0,,4,1,,0,5,,702,691,,400,251,563,.446,75,191,.393,125,186,.672,118,353,131,72,19,120,161,2023
355,356,Winthrop,10,5,5,.500,-7.15,-0.65,,0,0,,4,1,,0,3,,769,752,,400,257,536,.479,91,239,.381,164,223,.735,86,347,120,65,37,159,162,2023
356,357,Wisconsin,9,7,2,.778,11.88,5.55,,1,0,,3,1,,1,0,,595,538,,370,203,506,.401,78,211,.370,111,155,.716,73,305,110,70,18,92,152,2023
357,358,Wofford,10,6,4,.600,-0.05,-1.80,,0,0,,6,0,,0,4,,764,667,,400,275,578,.476,80,235,.340,134,174,.770,92,339,129,60,18,113,129,2023
358,359,Wright State,9,5,4,.556,-5.22,-5.97,,0,2,,2,3,,1,0,,714,665,,370,287,556,.516,49,143,.343,91,136,.669,66,305,143,70,22,116,125,2023
359,360,Wyoming,9,4,5,.444,-2.73,-2.85,,0,0,,3,2,,0,0,,669,635,,365,228,510,.447,86,252,.341,127,186,.683,84,314,115,50,20,110,131,2023
360,361,Xavier,9,6,3,.667,18.98,8.54,,0,0,,5,1,,0,0,,756,662,,360,274,531,.516,65,151,.430,143,196,.730,91,329,181,66,43,127,159,2023
361,362,Yale,10,8,2,.800,9.08,-5.04,,0,0,,4,0,,2,2,,783,558,,405,304,620,.490,86,249,.345,89,126,.706,108,405,171,73,47,109,170,2023
362,363,Youngstown State,10,7,3,.700,2.99,-4.39,,1,1,,3,0,,3,3,,865,726,,410,321,642,.500,83,218,.381,140,185,.757,119,395,146,75,35,136,166,2023
